Player 1,ABC
Player 2,DEF
really really long name,ABC
really really really really long name,ABC
test,ABC
yeet,mfz
dsadas,DEF
like its really long ,long cat is very long
ae,mfz
awoo,walala
Duddin,MFZ
Maximum Baboon,
asdklajsdljk,
Kurolight,bofc
kuduq,
Severebird0,
Soto_Telor,
LuciFroz10,
Paranoia,
Maximum Babooon,
Karullback,
Zero,
MagatsuVale,
Viru,
MHRisePlayer,
EasternNirvana,
Dipsky,
Bebeknya Mafuyu,
Amaterras,
KuroLight,
Daphootemkin,
KuroLight [L],
MHRisePlayer [W],
もけもけ,
もけもけ (MOKEMOKE),
あさは (ASAHA),
ふっくー (hukku),
Kelcroze,
Division,
Alden,
Nomad,
Tinkle,
Marc,
Lulzicon,
tado2,
[SEA] Kelcroze,
[SEA] Division,
[SEA] Tinkle,
[SEA] Nomad,
[SEA] tado2,
[JP] あさは asaha,
[JP]　あさは　asaha,
